{
  "investments": [
    {
      "id": "3176856a-82cf-4ce9-8803-c65107c7ad5e",
      "description": "Fundo de Ações"
    },
    {
      "id": "bd94a5be-0ee9-457a-864b-63bd50e63dd7",
      "description": "Fundo de Criptomoedas"
    },
    {
      "id": "9ba5ccdb-7f4c-4920-ac8a-19fb66eb816c",
      "description": "Fundo de Proteções"
    },
    {
      "id": "b23360da-51a2-4943-a99e-8f75e77fd815",
      "description": "Fundo de Renda Fixa"
    },
    {
      "id": "5f1cb644-fdea-40b9-afe8-c86f1fd3ec54",
      "description": "Fundo de Tecnologia"
    },
    {
      "id": "2e93b253-f4ed-41eb-a2b6-9d5082b07f52",
      "description": "Fundo Multimercado"
    },
    {
      "id": "b21cbd7d-f4ae-4ff1-b015-c76b9c264a1a",
      "description": "Fundo Temático"
    }
  ],
  "reports": [
    {
      "id": "014c4220-df90-4a43-b809-657941b53770",
      "investmentId": "b21cbd7d-f4ae-4ff1-b015-c76b9c264a1a",
      "month": 6,
      "year": 2020,
      "value": 1323.460215
    },
    {
      "id": "015b3492-bcf7-4137-a151-5705e2390773",
      "investmentId": "b23360da-51a2-4943-a99e-8f75e77fd815",
      "month": 8,
      "year": 2020,
      "value": 870.0773971344001
    },
    {
      "id": "01c1ac82-1e1d-422a-8a9d-13d31e5c619d",
      "investmentId": "9ba5ccdb-7f4c-4920-ac8a-19fb66eb816c",
      "month": 4,
      "year": 2020,
      "value": 897.078
    },
    {
      "id": "0421f421-6f16-4fe2-b740-43ac2c2cddd2",
      "investmentId": "bd94a5be-0ee9-457a-864b-63bd50e63dd7",
      "month": 4,
      "year": 2020,
      "value": 1135.4720000000002
    },
    {
      "id": "05352c46-693a-431c-aaa0-862db4a25afc",
      "investmentId": "5f1cb644-fdea-40b9-afe8-c86f1fd3ec54",
      "month": 5,
      "year": 2020,
      "value": 957.3345599999998
    },
    {
      "id": "05818af9-b3e3-4265-ad40-16c16d58ad28",
      "investmentId": "9ba5ccdb-7f4c-4920-ac8a-19fb66eb816c",
      "month": 12,
      "year": 2020,
      "value": 957.6886675739408
    },
    {
      "id": "0d095e49-982e-49fa-8356-e14a09f9c177",
      "investmentId": "bd94a5be-0ee9-457a-864b-63bd50e63dd7",
      "month": 11,
      "year": 2020,
      "value": 1193.008645566509
    },
    {
      "id": "10fd8dec-4778-413e-9e0a-1ef6504e9a0b",
      "investmentId": "b21cbd7d-f4ae-4ff1-b015-c76b9c264a1a",
      "month": 2,
      "year": 2020,
      "value": 1050
    },
    {
      "id": "136441b6-13cb-4e6a-a3de-e5b151de6a75",
      "investmentId": "b23360da-51a2-4943-a99e-8f75e77fd815",
      "month": 5,
      "year": 2020,
      "value": 1004.0208
    },
    {
      "id": "136fb184-4999-475e-8195-27179d2dcb07",
      "investmentId": "3176856a-82cf-4ce9-8803-c65107c7ad5e",
      "month": 5,
      "year": 2020,
      "value": 1333.79376
    },
    {
      "id": "158feb86-f625-4bde-8b79-c021061cb28c",
      "investmentId": "2e93b253-f4ed-41eb-a2b6-9d5082b07f52",
      "month": 5,
      "year": 2020,
      "value": 1128.54144
    },
    {
      "id": "22131717-793f-4b6a-8898-f6125ec78799",
      "investmentId": "bd94a5be-0ee9-457a-864b-63bd50e63dd7",
      "month": 5,
      "year": 2020,
      "value": 1226.3097600000003
    },
    {
      "id": "221a4986-f317-40cf-907b-e7d6c58fdee2",
      "investmentId": "bd94a5be-0ee9-457a-864b-63bd50e63dd7",
      "month": 1,
      "year": 2020,
      "value": 1000
    },
    {
      "id": "23eaa86e-6a45-46dc-a5df-9ad4d9ab4c35",
      "investmentId": "2e93b253-f4ed-41eb-a2b6-9d5082b07f52",
      "month": 4,
      "year": 2020,
      "value": 1085.136
    },
    {
      "id": "25bccd64-e19d-4cb6-b955-b6dc274fb460",
      "investmentId": "3176856a-82cf-4ce9-8803-c65107c7ad5e",
      "month": 1,
      "year": 2020,
      "value": 1000
    },
    {
      "id": "283c5b2a-65af-4741-ba93-fbe8d36e2188",
      "investmentId": "b23360da-51a2-4943-a99e-8f75e77fd815",
      "month": 1,
      "year": 2020,
      "value": 1000
    },
    {
      "id": "2afad694-adc1-42c6-ab77-bbba8c2abc53",
      "investmentId": "5f1cb644-fdea-40b9-afe8-c86f1fd3ec54",
      "month": 1,
      "year": 2020,
      "value": 1000
    },
    {
      "id": "2b1bdc3b-369b-48d8-a519-2d0a6f7ec6b4",
      "investmentId": "3176856a-82cf-4ce9-8803-c65107c7ad5e",
      "month": 9,
      "year": 2020,
      "value": 1481.0203160575684
    },
    {
      "id": "2b8d28cd-9767-429a-afa0-f8d307af0171",
      "investmentId": "bd94a5be-0ee9-457a-864b-63bd50e63dd7",
      "month": 3,
      "year": 2020,
      "value": 1102.4
    },
    {
      "id": "2c686f25-e2b1-4580-97c7-611bf53d8cd5",
      "investmentId": "b21cbd7d-f4ae-4ff1-b015-c76b9c264a1a",
      "month": 12,
      "year": 2020,
      "value": 1339.4720287442324
    },
    {
      "id": "337cb6ee-0d5b-4cc5-8781-b805cd815d75",
      "investmentId": "b21cbd7d-f4ae-4ff1-b015-c76b9c264a1a",
      "month": 4,
      "year": 2020,
      "value": 1074.1499999999999
    },
    {
      "id": "34932029-1ef4-48dd-a94a-887c7492410f",
      "investmentId": "b21cbd7d-f4ae-4ff1-b015-c76b9c264a1a",
      "month": 7,
      "year": 2020,
      "value": 1455.8062365000003
    },
    {
      "id": "36e68c35-b6fc-4ac6-b2aa-9b8d5a4d5bd5",
      "investmentId": "bd94a5be-0ee9-457a-864b-63bd50e63dd7",
      "month": 10,
      "year": 2020,
      "value": 1147.1236976601047
    },
    {
      "id": "38eedd17-a0e4-4607-a602-bdf6f1493ffc",
      "investmentId": "9ba5ccdb-7f4c-4920-ac8a-19fb66eb816c",
      "month": 5,
      "year": 2020,
      "value": 950.90268
    },
    {
      "id": "406334ea-bc03-4b83-a3f4-25dd28791b16",
      "investmentId": "9ba5ccdb-7f4c-4920-ac8a-19fb66eb816c",
      "month": 3,
      "year": 2020,
      "value": 846.3
    },
    {
      "id": "42efa443-3fbf-4c77-8e3b-e24c78153b1f",
      "investmentId": "b21cbd7d-f4ae-4ff1-b015-c76b9c264a1a",
      "month": 9,
      "year": 2020,
      "value": 1419.7022418348006
    },
    {
      "id": "43ea69e9-ec00-431a-acb4-0fdd756ab501",
      "investmentId": "5f1cb644-fdea-40b9-afe8-c86f1fd3ec54",
      "month": 2,
      "year": 2020,
      "value": 929.9999999999999
    },
    {
      "id": "4624dbd3-2184-41ae-88af-cf1f855c62df",
      "investmentId": "2e93b253-f4ed-41eb-a2b6-9d5082b07f52",
      "month": 1,
      "year": 2020,
      "value": 1000
    },
    {
      "id": "487d4bb3-5c7f-4937-b03d-b9c2fd315c73",
      "investmentId": "3176856a-82cf-4ce9-8803-c65107c7ad5e",
      "month": 10,
      "year": 2020,
      "value": 1525.4509255392954
    },
    {
      "id": "4f94a2c1-f46a-4951-a136-90eac417fb94",
      "investmentId": "3176856a-82cf-4ce9-8803-c65107c7ad5e",
      "month": 11,
      "year": 2020,
      "value": 1647.4869995824392
    },
    {
      "id": "4feb762f-f25b-432a-8f4a-59f180f6b3d4",
      "investmentId": "9ba5ccdb-7f4c-4920-ac8a-19fb66eb816c",
      "month": 1,
      "year": 2020,
      "value": 1000
    },
    {
      "id": "55827e33-9921-4d3f-8aaf-7fc40b0edeef",
      "investmentId": "2e93b253-f4ed-41eb-a2b6-9d5082b07f52",
      "month": 12,
      "year": 2020,
      "value": 831.8970875811439
    },
    {
      "id": "577da592-fec3-40b3-bbfd-59a4c9276fba",
      "investmentId": "9ba5ccdb-7f4c-4920-ac8a-19fb66eb816c",
      "month": 6,
      "year": 2020,
      "value": 988.9387872000001
    },
    {
      "id": "579c766a-d325-4152-bde8-26606aea5ced",
      "investmentId": "b23360da-51a2-4943-a99e-8f75e77fd815",
      "month": 2,
      "year": 2020,
      "value": 960
    },
    {
      "id": "5820847a-46ac-4dc4-a0f5-5a37eca763e2",
      "investmentId": "b23360da-51a2-4943-a99e-8f75e77fd815",
      "month": 10,
      "year": 2020,
      "value": 958.9122993818224
    },
    {
      "id": "58eab049-ccd9-4e3c-82e8-df32ae74675c",
      "investmentId": "3176856a-82cf-4ce9-8803-c65107c7ad5e",
      "month": 12,
      "year": 2020,
      "value": 1614.5372595907904
    },
    {
      "id": "5df0ee65-7725-40c4-9b73-6ec15484dc1b",
      "investmentId": "b23360da-51a2-4943-a99e-8f75e77fd815",
      "month": 11,
      "year": 2020,
      "value": 863.0210694436402
    },
    {
      "id": "627fcbb4-18a7-4e92-961d-57bd3b89460c",
      "investmentId": "9ba5ccdb-7f4c-4920-ac8a-19fb66eb816c",
      "month": 8,
      "year": 2020,
      "value": 952.3480520736002
    },
    {
      "id": "62ae9248-e0b9-4055-b6fc-8966cc7a8262",
      "investmentId": "3176856a-82cf-4ce9-8803-c65107c7ad5e",
      "month": 2,
      "year": 2020,
      "value": 1110
    },
    {
      "id": "6933195f-856c-4818-9410-bf4c31af1721",
      "investmentId": "bd94a5be-0ee9-457a-864b-63bd50e63dd7",
      "month": 12,
      "year": 2020,
      "value": 1288.4493372118297
    },
    {
      "id": "735ee52e-1b7c-4a9f-a07a-715cd7dca3aa",
      "investmentId": "b23360da-51a2-4943-a99e-8f75e77fd815",
      "month": 3,
      "year": 2020,
      "value": 969.6
    },
    {
      "id": "74efc76d-2a43-4dbe-8550-60dedec08002",
      "investmentId": "5f1cb644-fdea-40b9-afe8-c86f1fd3ec54",
      "month": 6,
      "year": 2020,
      "value": 1043.4946704
    },
    {
      "id": "771d101a-ff51-40ae-a72e-e166149cd5a5",
      "investmentId": "5f1cb644-fdea-40b9-afe8-c86f1fd3ec54",
      "month": 9,
      "year": 2020,
      "value": 984.787660243296
    },
    {
      "id": "786329e3-c59b-4c59-8c02-fbefb809b8fa",
      "investmentId": "b21cbd7d-f4ae-4ff1-b015-c76b9c264a1a",
      "month": 11,
      "year": 2020,
      "value": 1471.9472843343212
    },
    {
      "id": "79622394-7dac-4a86-9792-3cd2b7bdbdea",
      "investmentId": "9ba5ccdb-7f4c-4920-ac8a-19fb66eb816c",
      "month": 7,
      "year": 2020,
      "value": 890.0449084800001
    },
    {
      "id": "79ec1d5f-e6b0-49e6-8e94-08825628f00c",
      "investmentId": "3176856a-82cf-4ce9-8803-c65107c7ad5e",
      "month": 8,
      "year": 2020,
      "value": 1384.1311365024003
    },
    {
      "id": "7ee6095c-af3e-4099-9b07-1a8f5e3397d5",
      "investmentId": "b21cbd7d-f4ae-4ff1-b015-c76b9c264a1a",
      "month": 5,
      "year": 2020,
      "value": 1192.3065
    },
    {
      "id": "7fa21c19-3116-4b4f-8056-56b0872651f5",
      "investmentId": "2e93b253-f4ed-41eb-a2b6-9d5082b07f52",
      "month": 3,
      "year": 2020,
      "value": 1154.4
    },
    {
      "id": "8774fc9b-6d5f-41a7-aebf-a8c99e149aae",
      "investmentId": "5f1cb644-fdea-40b9-afe8-c86f1fd3ec54",
      "month": 10,
      "year": 2020,
      "value": 955.2440304359972
    },
    {
      "id": "89dee749-318c-4cbd-a4bd-02712c08b73a",
      "investmentId": "2e93b253-f4ed-41eb-a2b6-9d5082b07f52",
      "month": 11,
      "year": 2020,
      "value": 904.2359647621129
    },
    {
      "id": "8e6166ab-9862-4538-8d14-38908f5dac8a",
      "investmentId": "bd94a5be-0ee9-457a-864b-63bd50e63dd7",
      "month": 8,
      "year": 2020,
      "value": 1314.0019446278404
    },
    {
      "id": "8ed1ae17-124b-4360-a03b-7f4c031b2d63",
      "investmentId": "bd94a5be-0ee9-457a-864b-63bd50e63dd7",
      "month": 9,
      "year": 2020,
      "value": 1274.581886289005
    },
    {
      "id": "908ed3f7-25cc-459a-9499-efd6611ee81a",
      "investmentId": "5f1cb644-fdea-40b9-afe8-c86f1fd3ec54",
      "month": 8,
      "year": 2020,
      "value": 1004.8853675952
    },
    {
      "id": "9abab0ae-266e-41dc-839a-dfc73dfd54a8",
      "investmentId": "3176856a-82cf-4ce9-8803-c65107c7ad5e",
      "month": 3,
      "year": 2020,
      "value": 1209.9
    },
    {
      "id": "9bf22217-421d-4d53-a6f5-afe9a092e4a5",
      "investmentId": "bd94a5be-0ee9-457a-864b-63bd50e63dd7",
      "month": 2,
      "year": 2020,
      "value": 1040
    },
    {
      "id": "9fcf10a2-e041-45fa-ae16-7dca1f2d7734",
      "investmentId": "b21cbd7d-f4ae-4ff1-b015-c76b9c264a1a",
      "month": 3,
      "year": 2020,
      "value": 976.4999999999999
    },
    {
      "id": "a0062a4f-914c-423d-bdaa-b2250cd374dd",
      "investmentId": "9ba5ccdb-7f4c-4920-ac8a-19fb66eb816c",
      "month": 2,
      "year": 2020,
      "value": 910
    },
    {
      "id": "a3be9c93-cba3-4672-b488-6d77edfd5616",
      "investmentId": "9ba5ccdb-7f4c-4920-ac8a-19fb66eb816c",
      "month": 10,
      "year": 2020,
      "value": 1131.4847206686445
    },
    {
      "id": "a56609d3-6366-4170-9e87-4869eaf9c790",
      "investmentId": "3176856a-82cf-4ce9-8803-c65107c7ad5e",
      "month": 7,
      "year": 2020,
      "value": 1305.7840910400002
    },
    {
      "id": "a74cbf8a-3a04-43e6-b294-7c23cc9d7cc0",
      "investmentId": "5f1cb644-fdea-40b9-afe8-c86f1fd3ec54",
      "month": 11,
      "year": 2020,
      "value": 1003.006231957797
    },
    {
      "id": "a902f5a3-49f9-4e8b-86c1-48ffd976e82f",
      "investmentId": "b23360da-51a2-4943-a99e-8f75e77fd815",
      "month": 9,
      "year": 2020,
      "value": 930.9828149338082
    },
    {
      "id": "adb8a639-b70e-47be-88b7-e27e8f131fe3",
      "investmentId": "5f1cb644-fdea-40b9-afe8-c86f1fd3ec54",
      "month": 12,
      "year": 2020,
      "value": 962.8859826794851
    },
    {
      "id": "ae59b384-5bac-453d-a35a-33c9a81fdfb8",
      "investmentId": "5f1cb644-fdea-40b9-afe8-c86f1fd3ec54",
      "month": 3,
      "year": 2020,
      "value": 939.2999999999998
    },
    {
      "id": "af4f8134-0caf-4ac4-82f7-fc73c01035b3",
      "investmentId": "2e93b253-f4ed-41eb-a2b6-9d5082b07f52",
      "month": 9,
      "year": 2020,
      "value": 971.0437765916162
    },
    {
      "id": "b35edd79-635e-479b-aa5a-b2b64148496a",
      "investmentId": "2e93b253-f4ed-41eb-a2b6-9d5082b07f52",
      "month": 2,
      "year": 2020,
      "value": 1040
    },
    {
      "id": "b568b9ec-15da-47b5-88b7-dab14c7031cd",
      "investmentId": "b21cbd7d-f4ae-4ff1-b015-c76b9c264a1a",
      "month": 1,
      "year": 2020,
      "value": 1000
    },
    {
      "id": "b5acfe30-a7a2-40e6-bec4-c8d5a79e4a86",
      "investmentId": "9ba5ccdb-7f4c-4920-ac8a-19fb66eb816c",
      "month": 9,
      "year": 2020,
      "value": 1038.0593767602243
    },
    {
      "id": "b5b2de85-aba4-4e99-a8d4-b016629e4f15",
      "investmentId": "3176856a-82cf-4ce9-8803-c65107c7ad5e",
      "month": 4,
      "year": 2020,
      "value": 1258.296
    },
    {
      "id": "bdfe0977-4ad9-44f5-b36f-9056c2ed9d3c",
      "investmentId": "b23360da-51a2-4943-a99e-8f75e77fd815",
      "month": 6,
      "year": 2020,
      "value": 893.578512
    },
    {
      "id": "c11da2e4-c944-43b4-a676-50e72697fd46",
      "investmentId": "b21cbd7d-f4ae-4ff1-b015-c76b9c264a1a",
      "month": 10,
      "year": 2020,
      "value": 1362.9141521614085
    },
    {
      "id": "c30c7722-58af-4a3c-971a-a81828a994d2",
      "investmentId": "3176856a-82cf-4ce9-8803-c65107c7ad5e",
      "month": 6,
      "year": 2020,
      "value": 1187.0764464000001
    },
    {
      "id": "c8efdc74-c4a1-4859-a13b-6f3e94ef7f06",
      "investmentId": "2e93b253-f4ed-41eb-a2b6-9d5082b07f52",
      "month": 8,
      "year": 2020,
      "value": 942.7609481472001
    },
    {
      "id": "cac3b5fa-4946-40cd-be9f-6000fde75656",
      "investmentId": "bd94a5be-0ee9-457a-864b-63bd50e63dd7",
      "month": 7,
      "year": 2020,
      "value": 1275.7300433280004
    },
    {
      "id": "cc9d91ae-db37-4725-be6a-9f7300a29cb0",
      "investmentId": "bd94a5be-0ee9-457a-864b-63bd50e63dd7",
      "month": 6,
      "year": 2020,
      "value": 1263.0990528000004
    },
    {
      "id": "d64524ee-33e2-439d-98fa-f3029d2705b0",
      "investmentId": "9ba5ccdb-7f4c-4920-ac8a-19fb66eb816c",
      "month": 11,
      "year": 2020,
      "value": 1040.965943015153
    },
    {
      "id": "df576ece-1f4d-4efc-851a-f949ca18b91a",
      "investmentId": "b21cbd7d-f4ae-4ff1-b015-c76b9c264a1a",
      "month": 8,
      "year": 2020,
      "value": 1543.1546106900005
    },
    {
      "id": "e20bf15f-daed-46e8-8fbd-8013af439f4e",
      "investmentId": "b23360da-51a2-4943-a99e-8f75e77fd815",
      "month": 4,
      "year": 2020,
      "value": 1056.864
    },
    {
      "id": "e2621cf6-eaad-47c7-b1c5-d8c15fe12aab",
      "investmentId": "5f1cb644-fdea-40b9-afe8-c86f1fd3ec54",
      "month": 7,
      "year": 2020,
      "value": 1116.539297328
    },
    {
      "id": "e9b7f6bb-09af-47e2-8ea9-c419a116b27f",
      "investmentId": "b23360da-51a2-4943-a99e-8f75e77fd815",
      "month": 12,
      "year": 2020,
      "value": 880.281490832513
    },
    {
      "id": "ee547433-f572-448f-9867-1b5cb4884f08",
      "investmentId": "5f1cb644-fdea-40b9-afe8-c86f1fd3ec54",
      "month": 4,
      "year": 2020,
      "value": 920.5139999999998
    },
    {
      "id": "f5b3c7c8-977a-44b4-a56b-0a4f684089c6",
      "investmentId": "b23360da-51a2-4943-a99e-8f75e77fd815",
      "month": 7,
      "year": 2020,
      "value": 813.1564459200001
    },
    {
      "id": "f7a9c97b-e088-47db-95f2-ab2de9fb05d8",
      "investmentId": "2e93b253-f4ed-41eb-a2b6-9d5082b07f52",
      "month": 10,
      "year": 2020,
      "value": 941.9124632938676
    },
    {
      "id": "fd62800c-d5f9-4b17-b40e-46be38dcee91",
      "investmentId": "2e93b253-f4ed-41eb-a2b6-9d5082b07f52",
      "month": 7,
      "year": 2020,
      "value": 1036.00104192
    },
    {
      "id": "ffbacd1e-1a0f-4cfc-93b7-f0e75379e076",
      "investmentId": "2e93b253-f4ed-41eb-a2b6-9d5082b07f52",
      "month": 6,
      "year": 2020,
      "value": 1151.1122688
    }
  ]
}